{
  "train_loss": [
    0.3493823384407356,
    0.14123133562632914,
    0.09897793014680627,
    0.07429832366700295,
    0.05691702269317277,
    0.048358523981797616,
    0.03711152327211219,
    0.030984879307420485
  ],
  "train_acc": [
    0.90198,
    0.95914,
    0.97054,
    0.97792,
    0.98278,
    0.9856,
    0.98838,
    0.9911
  ],
  "val_loss": [
    0.19008920641758612,
    0.1510903744152091,
    0.12005859074047334,
    0.10651467431376109,
    0.09308314964216338,
    0.09518989869562977,
    0.0888490066793269,
    0.09810692020523538
  ],
  "val_acc": [
    0.9433,
    0.9534,
    0.9646,
    0.9682,
    0.9727,
    0.9709,
    0.9745,
    0.9723
  ]
}